date,retail_and_recreation,grocery_and_pharmacy,residential,transit_stations,parks,workplaces,new_cases
2020-02-17,0.667,1.667,0.0,2.0,3.0,3.0,0.0
2020-02-18,0.5,1.75,0.0,2.0,3.25,3.0,0.0
2020-02-19,0.4,1.8,0.2,1.8,2.8,3.2,0.0
2020-02-20,0.5,2.0,0.0,2.333,3.167,3.333,0.0
2020-02-21,-0.143,1.714,0.714,1.429,3.571,0.143,0.0
2020-02-22,-0.571,1.143,0.857,0.714,3.714,-0.857,0.0
2020-02-23,-1.143,0.714,1.0,0.429,3.429,-0.571,0.0
2020-02-24,-1.143,0.571,1.0,0.429,3.286,-0.571,0.0
2020-02-25,-1.286,0.0,1.0,0.286,3.143,-0.857,0.0
2020-02-26,-1.286,-0.286,0.714,0.571,3.143,-1.0,0.0
2020-02-27,-1.571,-0.857,0.857,0.0,2.857,-1.0,0.0
2020-02-28,-1.0,-0.714,0.143,0.714,2.429,2.429,0.0
2020-02-29,-1.0,-0.571,0.0,1.0,1.714,3.857,0.0
2020-03-01,-0.571,0.143,0.0,1.0,1.714,4.0,0.0
2020-03-02,-0.429,0.429,0.0,0.857,1.857,4.143,2.0
2020-03-03,-0.429,1.0,0.0,0.714,1.857,4.571,0.0
2020-03-04,-0.429,1.714,0.143,0.714,1.857,5.143,23.0
2020-03-05,-0.429,2.286,0.143,0.857,1.857,5.286,2.0
2020-03-06,-0.571,2.429,0.286,1.143,1.429,5.286,1.0
2020-03-07,-0.286,3.429,0.286,1.857,1.857,5.143,3.0
2020-03-08,-0.143,4.143,0.143,2.286,2.0,5.571,5.0
2020-03-09,-0.286,4.714,0.571,1.429,2.143,3.143,4.0
2020-03-10,-2.857,1.143,2.143,-1.714,1.143,-3.714,13.0
2020-03-11,-3.571,0.286,2.286,-2.286,0.714,-5.429,6.0
2020-03-12,-3.857,0.0,2.286,-2.571,0.571,-6.143,11.0
2020-03-13,-4.429,-0.143,2.286,-3.286,0.571,-6.857,9.0
2020-03-14,-6.0,-1.429,2.857,-5.143,-0.571,-8.714,20.0
2020-03-15,-7.857,-2.857,3.286,-6.571,-1.714,-9.286,11.0
2020-03-16,-8.857,-3.429,3.286,-6.571,-2.429,-8.143,6.0
2020-03-17,-7.714,-0.143,2.143,-4.714,-2.143,-3.0,23.0
2020-03-18,-8.714,0.143,2.571,-6.0,-2.714,-3.429,14.0
2020-03-19,-10.571,0.143,3.286,-8.0,-4.0,-5.0,38.0
2020-03-20,-13.0,0.143,4.143,-10.286,-5.857,-7.143,50.0
2020-03-21,-16.286,0.0,4.714,-12.714,-8.286,-8.857,86.0
2020-03-22,-25.857,-10.714,7.286,-21.714,-15.714,-16.143,66.0
2020-03-23,-32.429,-14.857,9.714,-28.286,-20.571,-22.714,103.0
2020-03-24,-40.571,-21.714,12.857,-36.143,-26.571,-30.857,37.0
2020-03-25,-49.857,-31.0,16.571,-45.143,-33.286,-40.0,121.0
2020-03-26,-58.429,-40.286,20.143,-53.571,-39.571,-48.429,70.0
2020-03-27,-66.286,-49.571,23.571,-61.429,-45.143,-56.286,160.0
2020-03-28,-72.571,-58.286,26.571,-68.286,-49.571,-63.143,100.0
2020-03-29,-72.429,-56.714,26.714,-68.429,-49.429,-62.857,37.0
2020-03-30,-75.571,-61.857,28.143,-71.571,-51.714,-65.429,227.0
2020-03-31,-76.571,-64.0,28.714,-72.857,-52.571,-65.857,146.0
2020-04-01,-76.429,-64.0,28.571,-72.857,-52.429,-65.286,601.0
2020-04-02,-76.429,-64.143,28.571,-73.0,-52.429,-65.143,545.0
2020-04-03,-76.286,-63.857,28.429,-73.0,-52.286,-64.714,24.0
2020-04-04,-76.143,-63.714,28.286,-73.0,-52.143,-64.0,515.0
2020-04-05,-76.143,-63.714,28.143,-73.0,-52.0,-63.429,506.0
2020-04-06,-76.143,-63.714,28.143,-72.857,-51.857,-63.429,1190.0
2020-04-07,-76.571,-62.286,28.0,-72.0,-51.286,-63.286,533.0
2020-04-08,-76.857,-60.571,28.0,-71.286,-50.714,-63.143,605.0
2020-04-09,-77.143,-59.0,28.0,-70.429,-50.286,-63.0,809.0
2020-04-10,-77.571,-57.714,28.286,-69.857,-49.857,-63.286,873.0
2020-04-11,-78.0,-56.429,28.571,-69.286,-49.714,-63.714,848.0
2020-04-12,-78.286,-55.143,28.714,-68.714,-49.429,-63.857,759.0
2020-04-13,-78.571,-53.714,28.857,-68.143,-49.143,-63.571,1248.0
2020-04-14,-78.571,-54.0,29.143,-68.429,-49.286,-63.857,1034.0
2020-04-15,-78.571,-53.857,29.143,-68.143,-49.286,-63.429,835.0
2020-04-16,-79.571,-52.429,29.143,-67.714,-51.0,-63.0,1108.0
2020-04-17,-80.429,-51.0,29.0,-67.143,-52.714,-62.429,922.0
2020-04-18,-81.429,-50.286,28.714,-66.857,-54.714,-61.857,1370.0
2020-04-19,-82.429,-49.429,28.714,-66.571,-56.714,-61.571,1893.0
2020-04-20,-83.571,-48.571,28.571,-66.286,-58.714,-61.143,924.0
2020-04-21,-84.571,-47.429,28.429,-65.857,-60.857,-60.429,1541.0
2020-04-22,-85.714,-46.714,28.429,-65.857,-63.0,-60.286,1290.0
2020-04-23,-85.857,-47.143,28.429,-66.0,-63.286,-60.143,1707.0
2020-04-24,-85.857,-47.286,28.286,-66.143,-63.714,-59.857,1453.0
2020-04-25,-85.714,-46.714,28.429,-66.0,-63.571,-59.714,1753.0
2020-04-26,-85.714,-46.857,28.429,-66.143,-63.571,-59.571,1607.0
2020-04-27,-85.571,-46.857,28.571,-66.143,-63.571,-59.429,1561.0
2020-04-28,-85.571,-46.714,28.429,-66.143,-63.429,-59.286,1873.0
2020-04-29,-85.429,-46.429,28.429,-65.857,-63.286,-59.0,1738.0
2020-04-30,-85.143,-45.857,28.286,-65.571,-63.0,-58.571,1801.0
2020-05-01,-85.143,-45.714,28.286,-65.429,-62.857,-58.714,2394.0
2020-05-02,-85.0,-45.429,28.0,-65.143,-62.714,-58.0,2442.0
2020-05-03,-84.857,-44.714,27.857,-64.714,-62.571,-57.429,2806.0
2020-05-04,-84.286,-43.0,27.286,-63.857,-62.286,-56.571,3932.0
2020-05-05,-83.714,-41.429,27.0,-62.857,-62.143,-55.571,2963.0
2020-05-06,-82.857,-39.429,26.429,-61.714,-61.857,-54.571,3587.0
2020-05-07,-82.143,-37.714,26.0,-60.714,-61.714,-53.857,3364.0
2020-05-08,-81.286,-35.571,25.429,-59.429,-61.286,-52.143,3344.0
2020-05-09,-80.571,-33.857,25.143,-58.429,-61.0,-51.429,3113.0
2020-05-10,-80.143,-32.857,24.857,-57.714,-60.714,-50.714,4353.0
2020-05-11,-79.714,-31.857,24.571,-57.0,-60.429,-49.857,3607.0
2020-05-12,-79.286,-30.857,24.286,-56.429,-60.0,-49.286,3524.0
2020-05-13,-79.0,-30.286,24.0,-56.0,-59.714,-48.571,3763.0
2020-05-14,-78.714,-29.714,23.571,-55.571,-59.429,-47.571,3942.0
2020-05-15,-78.286,-28.857,23.143,-55.0,-59.0,-47.0,3787.0
2020-05-16,-77.857,-27.857,22.714,-54.286,-58.571,-45.857,4864.0
2020-05-17,-77.429,-26.857,22.429,-53.714,-58.286,-45.143,5050.0
2020-05-18,-76.857,-25.857,22.0,-53.143,-58.0,-44.429,4630.0
2020-05-19,-76.143,-24.714,21.571,-52.429,-57.857,-43.571,6147.0
2020-05-20,-75.429,-24.0,21.286,-51.857,-57.714,-42.857,5553.0
2020-05-21,-74.714,-23.0,21.0,-51.143,-57.571,-42.143,6198.0
2020-05-22,-74.143,-22.286,20.714,-50.571,-57.571,-41.286,6568.0
2020-05-23,-73.429,-21.286,20.286,-50.0,-57.571,-40.714,6629.0
2020-05-24,-73.0,-20.714,20.0,-49.429,-57.286,-40.286,7113.0
2020-05-25,-72.571,-20.429,20.0,-49.286,-57.143,-41.143,6414.0
2020-05-26,-72.143,-19.857,19.714,-48.714,-56.857,-40.571,5843.0
2020-05-27,-71.714,-18.714,19.429,-48.143,-56.571,-39.857,7293.0
2020-05-28,-71.286,-17.857,19.143,-47.714,-56.286,-39.286,7300.0
2020-05-29,-70.857,-16.857,18.857,-47.286,-56.0,-38.714,8105.0
2020-05-30,-70.429,-16.0,18.571,-46.714,-55.857,-37.571,8336.0
2020-05-31,-70.0,-15.143,18.429,-46.143,-55.857,-36.429,8782.0
2020-06-01,-69.143,-13.0,17.714,-44.714,-55.571,-34.143,7761.0
2020-06-02,-68.429,-11.286,17.286,-43.857,-55.429,-33.429,8821.0
2020-06-03,-67.857,-10.0,17.0,-43.143,-55.286,-32.857,9633.0
2020-06-04,-67.143,-8.571,16.571,-42.143,-55.143,-32.143,9889.0
2020-06-05,-66.143,-7.429,16.286,-41.286,-54.857,-31.571,9471.0
2020-06-06,-65.286,-6.429,16.0,-40.571,-54.429,-31.143,10438.0
2020-06-07,-64.429,-5.286,15.714,-39.857,-54.0,-30.857,10864.0
2020-06-08,-63.571,-4.429,15.429,-39.429,-53.714,-30.429,8442.0
2020-06-09,-62.714,-3.857,15.286,-39.0,-53.429,-30.0,10218.0
2020-06-10,-61.714,-3.0,15.0,-38.286,-53.0,-29.571,10459.0
2020-06-11,-60.714,-2.143,14.857,-37.857,-52.429,-29.286,10930.0
2020-06-12,-60.0,-1.0,14.571,-37.429,-52.143,-29.143,11458.0
2020-06-13,-59.429,-0.429,14.571,-37.143,-51.857,-29.571,11929.0
2020-06-14,-59.0,-0.143,14.571,-36.857,-51.571,-29.571,11502.0
2020-06-15,-58.571,0.0,14.571,-36.714,-51.286,-29.714,10667.0
2020-06-16,-58.286,0.143,14.429,-36.714,-50.857,-29.714,10974.0
2020-06-17,-58.0,0.286,14.286,-36.714,-50.714,-29.857,12881.0
2020-06-18,-58.0,-0.143,14.286,-37.0,-50.714,-30.0,13586.0
2020-06-19,-58.0,-0.857,14.286,-37.286,-50.714,-30.143,14516.0
2020-06-20,-58.0,-1.286,14.0,-37.429,-50.714,-29.571,15403.0
2020-06-21,-58.571,-3.143,14.429,-38.571,-51.0,-30.143,14831.0
2020-06-22,-58.429,-3.0,14.429,-38.571,-51.0,-30.286,14933.0
2020-06-23,-58.286,-2.714,14.571,-38.429,-51.0,-30.571,15968.0
2020-06-24,-58.286,-2.857,14.571,-38.571,-51.0,-30.571,16922.0
2020-06-25,-58.429,-3.0,14.571,-38.571,-51.0,-30.571,17296.0
2020-06-26,-58.571,-3.0,14.571,-38.571,-50.857,-30.429,18552.0
2020-06-27,-58.714,-3.143,14.714,-38.714,-50.857,-31.0,19906.0
2020-06-28,-58.286,-2.0,14.286,-38.0,-50.714,-30.714,19459.0
2020-06-29,-58.571,-2.714,14.286,-38.286,-50.714,-30.571,18522.0
2020-06-30,-58.429,-3.143,14.143,-38.571,-50.714,-30.429,18641.0
2020-07-01,-58.429,-3.429,14.143,-38.857,-50.571,-30.429,19160.0
2020-07-02,-58.143,-3.429,14.143,-39.0,-50.429,-30.429,20903.0
2020-07-03,-58.0,-3.571,14.286,-39.143,-50.429,-30.429,22771.0
2020-07-04,-57.857,-3.571,14.286,-39.286,-50.429,-30.0,24850.0
2020-07-05,-58.286,-4.429,14.571,-40.143,-50.429,-30.571,24248.0
2020-07-06,-58.143,-4.429,14.571,-40.286,-50.429,-30.571,22251.0
2020-07-07,-58.286,-4.714,14.714,-40.429,-50.429,-30.571,22753.0
2020-07-08,-58.286,-5.143,14.857,-40.571,-50.571,-30.429,24879.0
2020-07-09,-58.429,-5.429,14.857,-40.714,-50.714,-30.286,26506.0
2020-07-10,-58.429,-5.571,14.857,-40.714,-50.857,-30.286,27114.0
2020-07-11,-58.714,-6.571,15.143,-41.143,-51.0,-31.143,28606.0
2020-07-12,-59.143,-7.571,15.286,-41.571,-51.143,-31.429,28732.0
2020-07-13,-59.0,-7.429,15.286,-41.571,-51.143,-31.429,28498.0
2020-07-14,-59.286,-7.857,15.429,-41.857,-51.286,-31.571,29429.0
2020-07-15,-59.714,-8.714,15.714,-42.143,-51.429,-31.857,32676.0
2020-07-16,-60.0,-9.571,16.0,-42.429,-51.571,-32.143,34975.0
2020-07-17,-60.286,-10.429,16.143,-42.714,-51.571,-32.286,35252.0
2020-07-18,-60.714,-11.286,16.286,-42.857,-51.571,-32.0,38697.0
2020-07-19,-60.714,-11.571,16.286,-42.857,-51.571,-32.143,40425.0
2020-07-20,-61.143,-12.857,16.571,-43.286,-51.714,-32.571,37132.0
2020-07-21,-61.286,-13.714,16.714,-43.429,-51.857,-32.714,37740.0
2020-07-22,-61.0,-13.286,16.571,-43.143,-51.857,-32.571,45720.0
2020-07-23,-61.0,-13.714,16.571,-43.286,-52.0,-32.714,49310.0
2020-07-24,-60.714,-13.286,16.429,-43.0,-51.714,-32.429,48916.0
2020-07-25,-60.714,-13.714,16.571,-43.143,-51.714,-32.857,48611.0
2020-07-26,-60.571,-13.571,16.571,-42.857,-51.571,-32.714,49981.0
2020-07-27,-60.286,-13.143,16.429,-42.286,-51.286,-32.286,44457.0
2020-07-28,-60.0,-12.857,16.286,-41.857,-51.143,-32.0,51596.0
2020-07-29,-60.0,-13.429,16.286,-42.0,-51.143,-32.286,50294.0
2020-07-30,-59.286,-11.714,16.0,-41.143,-50.571,-31.857,52783.0
2020-07-31,-58.857,-11.143,16.0,-40.857,-50.429,-32.143,61242.0
2020-08-01,-58.143,-10.0,15.714,-40.286,-50.0,-32.571,54735.0
2020-08-02,-56.857,-7.857,15.286,-39.286,-49.571,-32.143,52972.0
2020-08-03,-56.714,-7.857,15.143,-39.286,-49.143,-34.143,52050.0
2020-08-04,-56.429,-7.714,14.857,-39.286,-49.0,-34.286,52509.0
2020-08-05,-56.0,-8.857,14.714,-39.714,-49.714,-34.143,56282.0
2020-08-06,-55.571,-10.286,14.571,-40.0,-50.571,-34.0,62538.0
2020-08-07,-55.0,-11.0,14.0,-40.0,-51.143,-33.286,61537.0
2020-08-08,-54.571,-11.857,13.714,-40.286,-52.0,-32.286,64399.0
2020-08-09,-54.714,-13.714,13.571,-40.714,-52.714,-31.714,62064.0
2020-08-10,-53.429,-13.143,13.143,-40.286,-53.571,-29.286,53601.0
2020-08-11,-52.429,-12.857,13.0,-40.0,-54.0,-29.0,60963.0
2020-08-12,-51.714,-11.714,13.0,-39.429,-53.571,-29.286,66999.0
2020-08-13,-51.571,-11.857,13.0,-39.429,-53.429,-29.286,64553.0
2020-08-14,-51.143,-11.714,13.143,-39.143,-53.429,-29.286,64732.0
2020-08-15,-51.143,-11.857,13.429,-39.143,-53.143,-31.143,64030.0
2020-08-16,-51.0,-11.714,13.429,-39.143,-53.143,-31.143,57711.0
2020-08-17,-51.0,-12.0,13.429,-39.0,-53.0,-30.857,55018.0
2020-08-18,-50.857,-11.857,13.286,-38.714,-52.714,-30.143,64572.0
2020-08-19,-50.571,-11.143,13.0,-38.0,-52.429,-29.0,69672.0
2020-08-20,-50.429,-10.857,12.857,-37.714,-52.429,-28.857,68900.0
2020-08-21,-50.429,-10.571,13.0,-37.571,-52.429,-29.0,69876.0
2020-08-22,-50.429,-10.429,12.857,-37.143,-52.429,-27.857,69239.0
2020-08-23,-50.429,-10.571,12.857,-36.857,-52.143,-27.714,61408.0
2020-08-24,-50.286,-10.286,12.857,-36.571,-51.857,-27.714,60975.0
2020-08-25,-50.0,-10.143,12.857,-36.286,-51.714,-27.714,57224.0
2020-08-26,-49.857,-10.0,12.714,-36.0,-51.571,-27.429,85687.0
2020-08-27,-49.714,-10.0,12.714,-35.857,-51.143,-27.143,77266.0
2020-08-28,-49.571,-10.143,12.571,-35.714,-50.714,-26.714,76472.0
2020-08-29,-49.0,-9.286,12.143,-35.143,-50.286,-25.0,78761.0
2020-08-30,-48.571,-8.571,12.143,-34.714,-49.857,-24.714,78512.0
2020-08-31,-48.571,-9.286,12.286,-35.0,-49.714,-25.143,69921.0
2020-09-01,-48.429,-9.143,12.286,-34.857,-49.286,-25.571,78357.0
2020-09-02,-48.143,-9.0,12.286,-34.714,-49.0,-25.714,83883.0
2020-09-03,-47.571,-8.143,12.286,-34.286,-48.714,-25.571,83341.0
2020-09-04,-47.143,-7.714,12.286,-34.0,-48.571,-25.571,86432.0
2020-09-05,-46.286,-6.571,12.143,-33.286,-48.143,-25.0,90632.0
2020-09-06,-45.286,-5.143,12.0,-32.286,-47.714,-24.857,90802.0
2020-09-07,-45.0,-4.857,12.0,-32.143,-47.714,-24.714,75809.0
2020-09-08,-44.714,-4.286,11.857,-31.714,-47.571,-24.286,89706.0
2020-09-09,-44.571,-4.143,11.857,-31.429,-47.286,-24.143,95735.0
2020-09-10,-44.429,-4.0,11.714,-31.0,-47.0,-24.143,96551.0
2020-09-11,-44.429,-5.143,11.857,-31.429,-47.0,-24.571,97570.0
2020-09-12,-43.857,-5.286,12.0,-31.429,-46.857,-25.286,94372.0
2020-09-13,-43.143,-5.143,12.0,-31.143,-46.571,-25.0,92071.0
2020-09-14,-42.429,-4.857,12.0,-30.714,-46.143,-24.429,83809.0
2020-09-15,-42.0,-5.429,12.286,-30.857,-46.143,-24.286,90123.0
2020-09-16,-41.286,-5.286,12.429,-30.714,-46.0,-24.143,97894.0
2020-09-17,-40.714,-6.286,12.857,-31.286,-46.0,-24.429,96424.0
2020-09-18,-40.0,-5.571,13.0,-30.857,-45.714,-23.857,93337.0
2020-09-19,-39.714,-5.714,13.143,-30.714,-45.571,-23.0,92605.0
2020-09-20,-39.429,-5.714,13.286,-30.714,-45.429,-22.571,86961.0
2020-09-21,-39.143,-6.0,13.429,-30.714,-45.286,-22.714,75083.0
2020-09-22,-39.143,-6.143,13.714,-30.571,-45.0,-22.714,83347.0
2020-09-23,-39.571,-6.714,14.143,-30.571,-44.857,-23.0,86508.0
2020-09-24,-39.857,-6.0,14.429,-29.714,-44.429,-22.571,86052.0
2020-09-25,-40.571,-6.286,14.857,-29.429,-44.286,-22.714,85362.0
2020-09-26,-41.0,-6.0,15.286,-29.0,-43.857,-23.0,88600.0
2020-09-27,-41.143,-5.571,15.571,-28.143,-43.0,-23.143,82170.0
2020-09-28,-41.714,-5.143,16.0,-27.714,-42.714,-23.0,70589.0
2020-09-29,-41.857,-4.857,16.143,-27.286,-42.571,-23.0,80472.0
2020-09-30,-41.571,-4.0,15.857,-26.714,-42.714,-23.0,86821.0
2020-10-01,-41.286,-3.0,15.143,-26.143,-43.286,-23.286,81484.0
2020-10-02,-40.571,-1.286,14.857,-26.0,-43.286,-26.143,79476.0
2020-10-03,-40.143,-0.429,14.0,-25.571,-43.714,-26.429,75829.0
2020-10-04,-39.857,0.429,13.286,-25.286,-44.143,-27.286,74442.0
2020-10-05,-39.286,1.286,12.429,-24.714,-44.571,-27.714,61267.0
2020-10-06,-38.714,2.143,11.714,-24.286,-45.0,-28.0,72049.0
2020-10-07,-38.286,2.857,11.286,-24.0,-45.0,-27.857,78524.0
2020-10-08,-37.857,3.286,11.286,-24.0,-44.714,-27.429,70496.0
2020-10-09,-37.429,3.286,10.857,-23.429,-44.571,-24.143,73272.0
2020-10-10,-37.143,3.429,11.286,-23.571,-44.286,-24.0,74383.0
2020-10-11,-36.714,3.714,11.571,-23.571,-44.0,-23.143,66732.0
2020-10-12,-36.429,3.857,11.857,-23.571,-43.714,-22.571,55342.0
2020-10-13,-36.286,3.857,12.286,-23.714,-43.429,-22.143,63509.0
2020-10-14,-35.857,4.143,12.571,-23.714,-43.143,-21.857,67708.0
2020-10-15,-35.286,4.714,12.857,-23.286,-42.857,-21.714,63371.0
2020-10-16,-34.714,6.286,13.0,-22.571,-42.571,-21.571,62212.0
2020-10-17,-34.429,7.143,13.0,-21.857,-42.429,-20.857,61871.0
2020-10-18,-33.857,7.714,13.0,-21.143,-42.143,-20.429,55722.0
2020-10-19,-33.429,8.429,13.143,-20.571,-41.714,-20.286,46790.0
2020-10-20,-33.0,9.0,13.0,-20.0,-41.429,-20.143,54044.0
2020-10-21,-32.429,9.429,12.857,-19.429,-41.143,-20.0,55839.0
2020-10-22,-32.0,9.714,12.429,-19.0,-40.714,-20.0,54366.0
2020-10-23,-31.571,9.714,12.0,-18.571,-40.286,-20.571,53370.0
2020-10-24,-30.857,10.286,11.571,-18.0,-39.429,-21.857,50129.0
2020-10-25,-30.571,10.429,11.143,-17.571,-38.857,-22.714,45148.0
2020-10-26,-30.286,10.143,10.714,-17.714,-38.143,-24.571,36470.0
2020-10-27,-29.857,10.286,10.286,-17.429,-37.714,-25.0,43893.0
2020-10-28,-29.857,10.0,10.0,-17.286,-37.571,-25.286,49881.0
2020-10-29,-29.857,9.429,9.857,-17.429,-37.571,-25.571,48648.0
2020-10-30,-30.143,8.429,10.143,-18.143,-37.857,-26.286,48268.0
2020-10-31,-30.571,7.143,10.143,-18.857,-38.286,-25.286,46963.0
2020-11-01,-30.429,7.143,10.286,-19.0,-38.571,-24.571,45231.0
2020-11-02,-30.286,7.429,10.286,-18.714,-39.143,-22.714,38310.0
2020-11-03,-29.857,8.0,10.429,-18.714,-39.143,-22.429,46253.0
2020-11-04,-29.714,8.143,10.714,-19.0,-39.143,-22.286,50210.0
2020-11-05,-29.714,8.286,10.857,-19.286,-39.0,-21.857,47638.0
2020-11-06,-29.571,8.429,10.571,-19.143,-38.714,-20.571,50356.0
2020-11-07,-28.857,9.429,10.571,-18.714,-38.286,-20.0,45674.0
2020-11-08,-28.286,10.143,10.571,-18.571,-37.857,-19.571,45903.0
2020-11-09,-28.0,10.571,10.571,-18.714,-37.571,-19.571,38073.0
2020-11-10,-27.714,10.857,10.571,-18.714,-37.286,-19.429,44281.0
2020-11-11,-26.857,12.286,10.286,-18.0,-36.714,-19.143,47905.0
2020-11-12,-25.286,15.143,10.0,-16.714,-36.0,-19.143,44879.0
2020-11-13,-23.286,19.143,9.857,-15.0,-35.0,-20.0,44684.0
2020-11-14,-24.0,19.286,10.714,-15.714,-34.857,-24.429,41100.0
2020-11-15,-25.429,16.857,11.0,-16.857,-34.857,-27.571,30548.0
2020-11-16,-26.0,15.429,11.143,-17.143,-33.857,-31.0,29163.0
2020-11-17,-26.571,14.571,10.857,-17.0,-33.143,-32.286,38617.0
2020-11-18,-27.286,13.286,10.714,-17.143,-32.571,-33.286,45576.0
2020-11-19,-28.571,10.857,10.857,-17.714,-32.286,-33.857,45882.0
2020-11-20,-30.429,7.0,11.0,-19.0,-32.286,-33.857,46232.0
2020-11-21,-30.0,6.286,10.0,-18.143,-31.714,-30.286,45209.0
2020-11-22,-29.0,8.0,9.571,-16.857,-31.143,-28.143,44059.0
2020-11-23,-28.571,9.143,9.286,-16.286,-31.571,-25.0,37975.0
2020-11-24,-28.429,9.429,9.429,-16.286,-31.857,-24.0,44376.0
2020-11-25,-28.571,9.143,9.571,-16.571,-32.143,-23.857,44489.0
2020-11-26,-29.429,7.571,9.857,-17.571,-32.714,-24.286,43082.0
2020-11-27,-29.571,7.286,9.714,-17.714,-33.0,-23.857,41322.0
2020-11-28,-29.286,7.714,9.714,-17.714,-33.143,-23.571,41810.0
2020-11-29,-29.143,7.857,9.714,-17.714,-33.0,-23.143,38772.0
2020-11-30,-29.143,7.571,9.857,-18.0,-32.571,-24.286,31118.0
2020-12-01,-29.0,7.571,9.714,-17.714,-32.0,-24.286,36604.0
2020-12-02,-28.857,7.857,9.571,-17.571,-30.143,-23.429,35551.0
2020-12-03,-28.143,9.0,9.429,-17.0,-28.143,-22.286,36595.0
2020-12-04,-28.0,9.143,9.571,-17.0,-26.429,-21.714,36652.0
2020-12-05,-28.0,9.143,9.429,-16.857,-24.714,-21.0,36011.0
2020-12-06,-27.857,9.286,9.286,-16.571,-22.571,-21.0,32981.0
2020-12-07,-27.714,9.429,8.857,-16.0,-20.714,-19.714,26567.0
2020-12-08,-28.857,7.429,9.286,-17.429,-19.857,-19.857,32080.0
2020-12-09,-28.571,7.571,9.143,-16.429,-19.286,-19.857,31521.0
2020-12-10,-28.286,7.857,9.0,-14.857,-18.429,-19.857,29373.0
2020-12-11,-28.286,7.857,9.143,-13.571,-17.857,-19.857,30031.0
2020-12-12,-28.571,7.714,9.571,-12.857,-17.571,-20.429,30254.0
2020-12-13,-28.714,7.571,10.0,-12.0,-17.286,-19.857,27071.0
2020-12-14,-29.143,7.286,10.571,-11.571,-17.571,-19.286,22065.0
2020-12-15,-28.143,9.286,10.571,-9.286,-16.714,-18.143,26382.0
2020-12-16,-28.429,9.143,11.143,-9.286,-17.143,-17.571,24010.0
2020-12-17,-28.714,9.0,11.571,-9.714,-17.714,-17.0,22890.0
2020-12-18,-28.714,9.143,11.714,-9.857,-18.0,-16.429,25152.0
2020-12-19,-28.571,9.286,11.714,-9.571,-18.0,-15.286,26624.0
2020-12-20,-28.429,9.429,11.714,-9.429,-17.857,-15.0,24337.0
2020-12-21,-28.143,9.857,11.714,-9.143,-17.571,-14.571,19556.0
2020-12-22,-28.143,9.571,11.714,-9.286,-17.714,-14.571,23950.0
2020-12-23,-27.857,9.857,11.714,-9.0,-17.571,-14.286,24712.0
2020-12-24,-27.286,10.714,11.429,-8.143,-17.0,-14.286,23067.0
2020-12-25,-26.429,11.143,11.714,-8.143,-15.429,-16.857,22273.0
2020-12-26,-26.571,10.571,11.857,-8.429,-14.857,-17.714,18732.0
2020-12-27,-26.714,9.857,11.714,-8.286,-14.429,-17.714,20021.0
2020-12-28,-26.571,9.714,11.714,-8.0,-14.143,-17.857,16432.0
2020-12-29,-26.571,9.714,11.714,-7.857,-13.857,-17.857,20549.0
2020-12-30,-26.571,9.571,11.714,-7.857,-13.571,-18.0,21822.0
2020-12-31,-25.714,10.429,11.714,-7.714,-13.143,-17.857,0.0
2021-01-01,-25.857,9.714,11.571,-7.857,-12.857,-16.857,20035.0
2021-01-02,-25.857,10.0,11.429,-7.714,-13.286,-16.0,37256.0
2021-01-03,-26.0,10.143,11.714,-7.857,-13.714,-16.0,16504.0
2021-01-04,-26.286,10.0,11.714,-7.857,-14.143,-15.571,16375.0
2021-01-05,-26.571,9.714,11.714,-8.0,-14.571,-15.286,18088.0
2021-01-06,-26.714,9.571,11.714,-8.143,-14.429,-14.857,20346.0
2021-01-07,-27.714,8.286,11.857,-8.857,-14.571,-14.429,18139.0
2021-01-08,-28.0,8.857,11.571,-8.571,-15.571,-12.286,0.0
2021-01-09,-27.429,9.429,11.429,-8.571,-14.857,-12.571,36867.0
2021-01-10,-26.571,10.429,11.143,-8.714,-14.0,-12.143,16311.0
2021-01-11,-26.0,11.143,11.0,-9.0,-13.0,-12.143,12584.0
2021-01-12,-25.286,12.143,10.857,-9.0,-11.857,-12.143,15968.0
2021-01-13,-25.0,12.857,10.571,-9.143,-11.714,-13.0,16946.0
2021-01-14,-26.143,10.429,10.714,-11.286,-11.857,-16.714,15590.0
2021-01-15,-27.286,8.143,10.571,-13.286,-12.429,-19.286,15158.0
2021-01-16,-28.143,6.143,10.286,-14.714,-13.143,-20.571,15144.0
2021-01-17,-29.0,4.286,10.0,-15.857,-14.143,-22.286,13788.0
2021-01-18,-29.571,2.857,9.857,-16.714,-14.857,-23.143,10050.0
2021-01-19,-30.143,1.286,9.714,-17.857,-15.571,-23.714,13816.0
2021-01-20,-30.571,-0.143,9.857,-18.857,-15.857,-23.714,15244.0
2021-01-21,-29.714,1.286,9.571,-17.714,-16.0,-20.571,14545.0
2021-01-22,-28.857,2.571,9.571,-16.571,-15.714,-18.571,14256.0
2021-01-23,-28.286,3.571,9.714,-15.714,-15.143,-17.571,14849.0
2021-01-24,-27.857,4.429,9.857,-15.143,-14.286,-16.571,13203.0
2021-01-25,-27.286,5.143,9.857,-14.714,-13.286,-16.429,9102.0
2021-01-26,-26.857,5.143,10.714,-15.143,-11.286,-20.286,12689.0
2021-01-27,-26.857,5.429,10.571,-14.571,-10.857,-19.857,11666.0
2021-01-28,-26.857,5.571,10.571,-14.286,-10.571,-19.857,18855.0
2021-01-29,-26.857,6.286,10.429,-14.0,-10.714,-19.571,13082.0
2021-01-30,-26.714,7.429,10.143,-13.429,-11.0,-18.857,13044.0
2021-01-31,-26.571,8.714,9.857,-12.857,-11.571,-18.857,11436.0
2021-02-01,-26.714,9.571,9.571,-12.429,-12.429,-18.571,8635.0
2021-02-02,-26.571,11.429,8.429,-10.857,-14.286,-14.286,11039.0
2021-02-03,-26.286,12.429,8.143,-10.571,-15.0,-14.286,12899.0
2021-02-04,-26.143,13.143,7.714,-10.429,-15.857,-14.286,12408.0
2021-02-05,-25.857,13.857,7.429,-10.143,-16.143,-14.429,11713.0
2021-02-06,-25.571,14.143,7.286,-10.0,-16.429,-14.571,12059.0
2021-02-07,-25.143,14.0,7.286,-9.857,-16.286,-15.143,11831.0
2021-02-08,-25.0,14.143,7.143,-9.714,-16.571,-15.143,9110.0
2021-02-09,-24.857,14.286,7.0,-9.571,-16.714,-15.143,11067.0
2021-02-10,-24.429,14.857,6.857,-9.143,-16.571,-15.0,12923.0
2021-02-11,-24.0,15.571,6.857,-8.571,-16.0,-14.714,9309.0
2021-02-12,-23.429,15.857,6.857,-8.0,-15.571,-14.571,12143.0
2021-02-13,-22.857,16.143,6.857,-7.571,-14.571,-15.429,12194.0
2021-02-14,-21.857,16.857,6.714,-6.857,-13.571,-15.429,11649.0
2021-02-15,-21.286,17.143,6.714,-6.286,-12.571,-15.571,9121.0
2021-02-16,-21.0,16.714,6.714,-5.857,-11.429,-16.286,11610.0
2021-02-17,-21.0,16.429,6.714,-5.571,-10.857,-16.429,12881.0
2021-02-18,-20.857,16.429,6.714,-5.143,-10.714,-16.429,13193.0
2021-02-19,-21.0,16.286,6.714,-5.0,-10.571,-16.571,13993.0
2021-02-20,-21.0,16.286,6.714,-4.714,-10.571,-15.429,14264.0
2021-02-21,-21.714,16.0,6.857,-5.0,-11.0,-15.429,14199.0
2021-02-22,-22.0,15.714,6.857,-5.143,-11.286,-15.0,10584.0
2021-02-23,-22.143,16.0,7.0,-5.286,-11.857,-14.0,13742.0
2021-02-24,-22.0,16.143,7.143,-5.286,-11.857,-13.571,16738.0
2021-02-25,-22.0,16.286,7.143,-5.286,-11.714,-13.429,16577.0
2021-02-26,-22.0,16.286,7.143,-5.286,-11.714,-13.286,16488.0
2021-02-27,-22.143,16.286,7.286,-5.571,-11.714,-14.0,16752.0
2021-02-28,-22.143,16.429,7.286,-5.714,-11.714,-13.429,15510.0
2021-03-01,-22.0,17.0,7.286,-5.714,-11.571,-13.143,12286.0
2021-03-02,-22.0,17.286,7.286,-5.714,-11.571,-13.0,14989.0
2021-03-03,-21.857,17.857,7.286,-5.571,-11.429,-12.857,17407.0
2021-03-04,-21.714,18.286,7.286,-5.571,-11.286,-12.571,16838.0
2021-03-05,-21.429,18.857,7.286,-5.429,-11.143,-12.286,18284.0
2021-03-06,-21.143,19.429,7.143,-5.143,-11.143,-11.286,18754.0
2021-03-07,-20.857,19.857,7.286,-5.143,-11.0,-11.429,18599.0
2021-03-08,-20.571,20.0,7.429,-5.0,-10.857,-11.429,15388.0
2021-03-09,-20.286,20.286,7.429,-4.857,-10.714,-11.286,17921.0
2021-03-10,-20.143,20.714,7.286,-4.571,-10.429,-11.286,22854.0
2021-03-11,-20.286,20.429,7.714,-5.143,-9.571,-13.714,23285.0
2021-03-12,-20.429,20.143,7.714,-5.143,-9.571,-13.857,24882.0
2021-03-13,-20.571,19.857,8.0,-5.429,-9.429,-14.857,25320.0
2021-03-14,-20.714,19.714,8.0,-5.286,-9.571,-14.857,26291.0
2021-03-15,-20.857,19.571,8.0,-5.143,-9.429,-15.0,24492.0
2021-03-16,-21.143,19.143,8.0,-5.286,-9.571,-15.143,28903.0
2021-03-17,-21.429,18.571,8.143,-5.714,-10.0,-14.857,35871.0
2021-03-18,-21.429,18.714,7.857,-5.143,-10.857,-12.286,39726.0
2021-03-19,-21.429,19.143,8.0,-5.143,-10.857,-11.714,40953.0
2021-03-20,-21.429,19.286,7.857,-4.857,-11.0,-10.429,43846.0
2021-03-21,-21.714,19.143,8.0,-5.143,-11.286,-10.286,46951.0
2021-03-22,-21.857,19.286,8.143,-5.429,-11.571,-9.857,40715.0
2021-03-23,-21.714,19.571,8.286,-5.429,-11.571,-9.571,47262.0
2021-03-24,-21.429,19.857,8.429,-5.286,-11.429,-9.714,53476.0
2021-03-25,-21.0,20.429,8.429,-5.0,-11.429,-9.714,59118.0
2021-03-26,-21.0,20.571,8.571,-5.0,-11.429,-10.143,62258.0
2021-03-27,-20.857,21.429,8.571,-4.714,-11.429,-11.0,62714.0
2021-03-28,-21.714,20.857,8.857,-5.714,-12.286,-11.714,68020.0
2021-03-29,-24.571,15.714,10.571,-9.571,-14.0,-18.0,56211.0
2021-03-30,-25.286,14.857,10.714,-10.286,-14.571,-19.429,53480.0
2021-03-31,-25.714,14.429,10.714,-10.714,-14.857,-20.0,72330.0
2021-04-01,-26.143,14.0,10.857,-11.286,-15.0,-20.714,81466.0
2021-04-02,-26.286,14.0,11.286,-12.143,-15.0,-23.0,89129.0
2021-04-03,-26.714,13.429,11.429,-12.857,-15.143,-22.857,93249.0
2021-04-04,-26.429,13.714,11.286,-12.429,-14.857,-22.571,103558.0
2021-04-05,-23.714,19.143,9.714,-8.857,-13.286,-17.143,96982.0
2021-04-06,-24.0,19.714,9.857,-8.857,-13.0,-17.286,115736.0
2021-04-07,-24.429,19.857,10.143,-9.143,-13.286,-17.571,126789.0
2021-04-08,-25.0,19.857,10.429,-9.571,-13.714,-17.714,131968.0
2021-04-09,-25.286,19.857,10.286,-9.429,-14.286,-16.0,145384.0
2021-04-10,-26.857,17.714,11.143,-11.571,-15.857,-18.143,152879.0
2021-04-11,-28.0,16.429,11.714,-13.286,-17.286,-19.0,168912.0
2021-04-12,-28.429,17.0,12.0,-13.857,-17.857,-19.429,161736.0
2021-04-13,-28.714,17.0,12.714,-14.714,-18.714,-20.857,184372.0
2021-04-14,-30.0,15.857,13.571,-16.286,-19.571,-23.857,200739.0
2021-04-15,-31.286,14.143,14.0,-17.857,-20.857,-25.143,217353.0
2021-04-16,-33.0,12.286,14.571,-19.429,-22.286,-26.286,234692.0
2021-04-17,-34.429,10.857,15.143,-20.714,-23.714,-26.714,261394.0
2021-04-18,-36.714,7.857,15.857,-22.714,-25.714,-28.714,273802.0
2021-04-19,-38.429,5.714,16.571,-24.286,-27.286,-29.857,259167.0
2021-04-20,-40.143,3.714,17.0,-25.857,-29.0,-29.857,295158.0
2021-04-21,-41.571,1.714,17.571,-27.429,-30.714,-30.143,314644.0
2021-04-22,-43.0,0.286,18.143,-28.857,-32.0,-31.286,332921.0
2021-04-23,-44.429,-1.143,18.714,-30.429,-33.143,-32.857,346786.0
2021-04-24,-46.429,-3.714,19.429,-32.143,-34.571,-35.286,349691.0
2021-04-25,-48.571,-6.286,20.143,-34.429,-36.0,-37.0,352991.0
2021-04-26,-49.857,-7.857,20.571,-36.0,-37.0,-38.429,323023.0
2021-04-27,-50.857,-8.857,20.857,-36.857,-37.571,-39.286,360927.0
2021-04-28,-52.0,-10.0,21.0,-37.857,-38.143,-39.429,379308.0
2021-04-29,-53.143,-11.429,21.571,-39.0,-38.857,-40.571,386555.0
2021-04-30,-53.857,-12.143,21.857,-39.714,-39.286,-41.429,401993.0
2021-05-01,-54.571,-13.0,22.286,-40.571,-39.857,-43.0,392488.0
2021-05-02,-54.857,-13.429,22.286,-41.143,-40.286,-43.429,368060.0
2021-05-03,-56.143,-15.571,22.714,-42.286,-41.286,-44.429,357316.0
2021-05-04,-57.286,-17.143,23.143,-43.429,-42.0,-45.429,382146.0
2021-05-05,-58.286,-18.714,23.429,-44.286,-42.714,-46.286,412431.0
2021-05-06,-59.429,-20.286,23.714,-45.286,-43.429,-47.0,414188.0
2021-05-07,-60.857,-22.286,24.143,-46.571,-44.143,-47.714,401078.0
2021-05-08,-60.857,-22.0,24.0,-46.571,-44.0,-46.714,403405.0
2021-05-09,-60.143,-20.714,23.714,-45.571,-43.571,-45.714,366494.0
2021-05-10,-61.429,-22.429,24.286,-47.0,-44.143,-46.429,329942.0
2021-05-11,-62.286,-23.714,24.571,-48.143,-44.714,-47.0,348421.0
2021-05-12,-63.0,-24.286,24.857,-49.0,-44.857,-47.571,362727.0
2021-05-13,-63.286,-24.286,25.0,-49.429,-44.714,-48.286,343144.0
2021-05-14,-63.857,-25.429,25.429,-50.286,-44.857,-50.0,326098.0
2021-05-15,-64.429,-26.143,25.429,-50.857,-44.857,-50.429,311170.0
2021-05-16,-65.286,-27.571,25.714,-52.0,-45.143,-51.143,281386.0
2021-05-17,-65.429,-28.0,25.571,-52.143,-45.0,-51.143,263533.0
2021-05-18,-65.714,-28.857,25.571,-52.571,-45.0,-51.429,267334.0
2021-05-19,-65.714,-29.571,25.571,-52.857,-45.143,-51.286,276110.0
2021-05-20,-65.857,-30.286,25.571,-53.286,-45.143,-50.857,259551.0
2021-05-21,-65.429,-29.714,25.286,-53.0,-44.857,-49.286,257299.0
2021-05-22,-65.0,-29.286,25.286,-52.714,-44.714,-48.714,240842.0
2021-05-23,-64.0,-27.286,24.857,-51.143,-44.0,-47.571,222315.0
2021-05-24,-63.429,-26.571,24.714,-50.571,-43.429,-47.0,196427.0
2021-05-25,-62.857,-26.0,24.571,-50.0,-42.857,-46.286,208921.0
2021-05-26,-62.571,-25.857,24.571,-49.857,-42.286,-46.429,211298.0
2021-05-27,-62.143,-25.429,24.429,-49.429,-41.857,-46.0,186364.0
2021-05-28,-61.714,-25.0,24.143,-49.143,-41.0,-45.429,173790.0
2021-05-29,-61.286,-24.429,23.714,-48.714,-40.0,-44.571,165553.0
2021-05-30,-61.143,-24.714,23.714,-49.0,-39.143,-44.286,152734.0
2021-05-31,-60.143,-23.429,23.286,-48.286,-38.0,-43.429,127510.0
2021-06-01,-58.714,-21.143,22.714,-47.0,-36.571,-42.429,132788.0
